Model,Accuracy,AUC,Precision,Recall,F1 Score,MCC
Logistic Regression,0.9527777777777777,0.9782004226448671,0.9593023255813954,0.990990990990991,0.9748892171344166,0.6038669994522354
Decision Tree,0.9666666666666667,0.8458458458458459,0.9762611275964391,0.987987987987988,0.982089552238806,0.7449681225591405
KNN,0.9305555555555556,0.8045267489711934,0.94,0.987987987987988,0.9633967789165446,0.3369176657783226
Naive Bayes,0.9,0.8695362028695363,0.9684542586750788,0.9219219219219219,0.9446153846153846,0.44794660618681814
Random Forest,0.9583333333333334,0.932543654765877,0.9595375722543352,0.996996996996997,0.9779086892488954,0.6518750213331949
XGBoost,0.9805555555555555,0.9849849849849849,0.9822485207100592,0.996996996996997,0.9895678092399404,0.8519415127747659
